{
  "version": 1,
  "author": "Mohamed Mostafa Mostafa",
  "editor": "wokwi",
  "parts": [
    { "type": "board-esp32-devkit-c-v4", "id": "esp", "top": 249.6, "left": -225.56, "attrs": {} },
    { "type": "wokwi-gas-sensor", "id": "gas1", "top": 329.1, "left": -386.6, "attrs": {} },
    {
      "type": "wokwi-buzzer",
      "id": "bz1",
      "top": 271.2,
      "left": -113.4,
      "attrs": { "volume": "0.1" }
    }
  ],
  "connections": [
    [ "esp:TX", "$serialMonitor:RX", "", [] ],
    [ "esp:RX", "$serialMonitor:TX", "", [] ],
    [ "gas1:VCC", "esp:5V", "red", [ "h9.6", "v75.9" ] ],
    [ "gas1:GND", "esp:GND.1", "black", [ "h19.2", "v37.6" ] ],
    [ "gas1:AOUT", "esp:34", "green", [ "h19.2", "v-28.8" ] ],
    [ "bz1:1", "esp:GND.3", "black", [ "v0", "h-19.2", "v-19.2" ] ],
    [ "bz1:2", "esp:2", "limegreen", [ "v57.6", "h-0.4" ] ]
  ],
  "dependencies": {}
}